{"cameraMode":{"drawMode":0,"name":"Shaded","section":"Shading Mode"},"sceneLighting":true,"audioPlay":false,"sceneViewState":{"showFog":true,"showMaterialUpdate":false,"showSkybox":true,"showFlares":true,"showImageEffects":true,"showParticleSystems":true},"in2DMode":false,"pivot":{"x":1047.25537109375,"y":248.5008544921875,"z":-1320.6478271484375},"rotation":{"x":0.07579758018255234,"y":-0.03288623318076134,"z":0.00250156968832016,"w":0.9965776801109314},"size":2.8578836917877199,"orthographic":false}